{"cameraMode":{"drawMode":0,"name":"Shaded","section":"Shading Mode"},"sceneLighting":true,"audioPlay":false,"sceneViewState":{"m_AlwaysRefresh":false,"showFog":true,"showSkybox":true,"showFlares":true,"showImageEffects":true,"showParticleSystems":true,"showVisualEffectGraphs":true,"m_FxEnabled":true},"in2DMode":false,"pivot":{"x":-5.394144535064697,"y":1.8739352226257325,"z":7.040835857391357},"rotation":{"x":-0.3985584080219269,"y":-0.042901381850242618,"z":0.010925518348813057,"w":-0.9179472327232361},"size":10.149197578430176,"orthographic":false}