{"cameraMode":{"drawMode":0,"name":"Shaded","section":"Shading Mode"},"sceneLighting":true,"audioPlay":false,"sceneViewState":{"m_AlwaysRefresh":false,"showFog":true,"showSkybox":true,"showFlares":true,"showImageEffects":true,"showParticleSystems":true,"showVisualEffectGraphs":true,"m_FxEnabled":true},"in2DMode":false,"pivot":{"x":-6.601124286651611,"y":-0.7389062643051148,"z":11.276083946228028},"rotation":{"x":0.30686861276626589,"y":0.0007271837093867362,"z":0.003156572114676237,"w":0.9536209106445313},"size":16.6972713470459,"orthographic":false}