{"cameraMode":{"drawMode":0,"name":"Shaded","section":"Shading Mode"},"sceneLighting":true,"audioPlay":false,"sceneViewState":{"m_AlwaysRefresh":false,"showFog":true,"showSkybox":true,"showFlares":true,"showImageEffects":true,"showParticleSystems":true,"showVisualEffectGraphs":true,"m_FxEnabled":true},"in2DMode":false,"pivot":{"x":-26.641246795654298,"y":-5.627987861633301,"z":15.703441619873047},"rotation":{"x":0.2920575737953186,"y":-0.09409300237894058,"z":0.029332540929317476,"w":0.9516732692718506},"size":17.043798446655275,"orthographic":false}