{"cameraMode":{"drawMode":0,"name":"Shaded","section":"Shading Mode"},"sceneLighting":true,"audioPlay":false,"sceneViewState":{"m_AlwaysRefresh":false,"showFog":true,"showSkybox":true,"showFlares":true,"showImageEffects":true,"showParticleSystems":true,"showVisualEffectGraphs":true,"m_FxEnabled":true},"in2DMode":false,"pivot":{"x":11.466042518615723,"y":7.713062763214111,"z":4.391356468200684},"rotation":{"x":0.4080885648727417,"y":0.01762024313211441,"z":-0.007111306302249432,"w":0.9130281209945679},"size":5.961820602416992,"orthographic":false}