{"cameraMode":{"drawMode":0,"name":"Shaded","section":"Shading Mode"},"sceneLighting":true,"audioPlay":false,"sceneViewState":{"m_AlwaysRefresh":false,"showFog":true,"showSkybox":true,"showFlares":true,"showImageEffects":true,"showParticleSystems":true,"showVisualEffectGraphs":true,"m_FxEnabled":true},"in2DMode":false,"pivot":{"x":-6.136685371398926,"y":54.41619873046875,"z":-61.46648406982422},"rotation":{"x":0.22897839546203614,"y":0.02224573865532875,"z":-0.0029085667338222267,"w":0.9741659760475159},"size":14.095840454101563,"orthographic":false}