{"cameraMode":{"drawMode":0,"name":"Shaded","section":"Shading Mode"},"sceneLighting":true,"audioPlay":false,"sceneViewState":{"m_AlwaysRefresh":false,"showFog":true,"showSkybox":true,"showFlares":true,"showImageEffects":true,"showParticleSystems":true,"showVisualEffectGraphs":true,"m_FxEnabled":true},"in2DMode":false,"pivot":{"x":-4.289999485015869,"y":9.9635009765625,"z":0.5480003356933594},"rotation":{"x":0.17378443479537965,"y":0.0049886819906532768,"z":0.0011685822391882539,"w":0.9866763353347778},"size":33.66929626464844,"orthographic":false}