{"cameraMode":{"drawMode":0,"name":"Shaded","section":"Shading Mode"},"sceneLighting":true,"audioPlay":false,"sceneViewState":{"m_AlwaysRefresh":false,"showFog":true,"showSkybox":true,"showFlares":true,"showImageEffects":true,"showParticleSystems":true,"showVisualEffectGraphs":true,"m_FxEnabled":true},"in2DMode":false,"pivot":{"x":-0.35487809777259829,"y":12.983296394348145,"z":-9.024048805236817},"rotation":{"x":0.34196746349334719,"y":0.0022860243916511537,"z":0.0012937686406075955,"w":0.941684365272522},"size":8.764100074768067,"orthographic":false}