{"cameraMode":{"drawMode":0,"name":"Shaded","section":"Shading Mode"},"sceneLighting":true,"audioPlay":false,"sceneViewState":{"m_AlwaysRefresh":false,"showFog":true,"showSkybox":true,"showFlares":true,"showImageEffects":true,"showParticleSystems":true,"showVisualEffectGraphs":true,"m_FxEnabled":true},"in2DMode":false,"pivot":{"x":0.0535149872303009,"y":-5.364239692687988,"z":13.330004692077637},"rotation":{"x":0.34532761573791506,"y":-0.17011360824108125,"z":0.06378854066133499,"w":0.9207572340965271},"size":15.683115005493164,"orthographic":false}